-- MySQL dump 10.13  Distrib 8.0.39, for Linux (x86_64)
--
-- Host: localhost    Database: temporal
-- ------------------------------------------------------
-- Server version	8.0.39

/*!40101 SET @OLD_CHARACTER_SET_CLIENT=@@CHARACTER_SET_CLIENT */;
/*!40101 SET @OLD_CHARACTER_SET_RESULTS=@@CHARACTER_SET_RESULTS */;
/*!40101 SET @OLD_COLLATION_CONNECTION=@@COLLATION_CONNECTION */;
/*!50503 SET NAMES utf8mb4 */;
/*!40103 SET @OLD_TIME_ZONE=@@TIME_ZONE */;
/*!40103 SET TIME_ZONE='+00:00' */;
/*!40014 SET @OLD_UNIQUE_CHECKS=@@UNIQUE_CHECKS, UNIQUE_CHECKS=0 */;
/*!40014 SET @OLD_FOREIGN_KEY_CHECKS=@@FOREIGN_KEY_CHECKS, FOREIGN_KEY_CHECKS=0 */;
/*!40101 SET @OLD_SQL_MODE=@@SQL_MODE, SQL_MODE='NO_AUTO_VALUE_ON_ZERO' */;
/*!40111 SET @OLD_SQL_NOTES=@@SQL_NOTES, SQL_NOTES=0 */;

--
-- Table structure for table `activity_info_maps`
--

/*!40101 SET @saved_cs_client     = @@character_set_client */;
/*!50503 SET character_set_client = utf8mb4 */;
CREATE TABLE `activity_info_maps` (
  `shard_id` int NOT NULL,
  `namespace_id` binary(16) NOT NULL,
  `workflow_id` varchar(255) NOT NULL,
  `run_id` binary(16) NOT NULL,
  `schedule_id` bigint NOT NULL,
  `data` mediumblob,
  `data_encoding` varchar(16) DEFAULT NULL,
  PRIMARY KEY (`shard_id`,`namespace_id`,`workflow_id`,`run_id`,`schedule_id`)
) ENGINE=InnoDB DEFAULT CHARSET=utf8mb3;
/*!40101 SET character_set_client = @saved_cs_client */;

--
-- Dumping data for table `activity_info_maps`
--

LOCK TABLES `activity_info_maps` WRITE;
/*!40000 ALTER TABLE `activity_info_maps` DISABLE KEYS */;
/*!40000 ALTER TABLE `activity_info_maps` ENABLE KEYS */;
UNLOCK TABLES;

--
-- Table structure for table `buffered_events`
--

/*!40101 SET @saved_cs_client     = @@character_set_client */;
/*!50503 SET character_set_client = utf8mb4 */;
CREATE TABLE `buffered_events` (
  `shard_id` int NOT NULL,
  `namespace_id` binary(16) NOT NULL,
  `workflow_id` varchar(255) NOT NULL,
  `run_id` binary(16) NOT NULL,
  `id` bigint NOT NULL AUTO_INCREMENT,
  `data` mediumblob NOT NULL,
  `data_encoding` varchar(16) NOT NULL,
  PRIMARY KEY (`shard_id`,`namespace_id`,`workflow_id`,`run_id`,`id`),
  UNIQUE KEY `id` (`id`)
) ENGINE=InnoDB DEFAULT CHARSET=utf8mb3;
/*!40101 SET character_set_client = @saved_cs_client */;

--
-- Dumping data for table `buffered_events`
--

LOCK TABLES `buffered_events` WRITE;
/*!40000 ALTER TABLE `buffered_events` DISABLE KEYS */;
/*!40000 ALTER TABLE `buffered_events` ENABLE KEYS */;
UNLOCK TABLES;

--
-- Table structure for table `build_id_to_task_queue`
--

/*!40101 SET @saved_cs_client     = @@character_set_client */;
/*!50503 SET character_set_client = utf8mb4 */;
CREATE TABLE `build_id_to_task_queue` (
  `namespace_id` binary(16) NOT NULL,
  `build_id` varchar(255) NOT NULL,
  `task_queue_name` varchar(255) NOT NULL,
  PRIMARY KEY (`namespace_id`,`build_id`,`task_queue_name`)
) ENGINE=InnoDB DEFAULT CHARSET=utf8mb3;
/*!40101 SET character_set_client = @saved_cs_client */;

--
-- Dumping data for table `build_id_to_task_queue`
--

LOCK TABLES `build_id_to_task_queue` WRITE;
/*!40000 ALTER TABLE `build_id_to_task_queue` DISABLE KEYS */;
/*!40000 ALTER TABLE `build_id_to_task_queue` ENABLE KEYS */;
UNLOCK TABLES;

--
-- Table structure for table `child_execution_info_maps`
--

/*!40101 SET @saved_cs_client     = @@character_set_client */;
/*!50503 SET character_set_client = utf8mb4 */;
CREATE TABLE `child_execution_info_maps` (
  `shard_id` int NOT NULL,
  `namespace_id` binary(16) NOT NULL,
  `workflow_id` varchar(255) NOT NULL,
  `run_id` binary(16) NOT NULL,
  `initiated_id` bigint NOT NULL,
  `data` mediumblob,
  `data_encoding` varchar(16) DEFAULT NULL,
  PRIMARY KEY (`shard_id`,`namespace_id`,`workflow_id`,`run_id`,`initiated_id`)
) ENGINE=InnoDB DEFAULT CHARSET=utf8mb3;
/*!40101 SET character_set_client = @saved_cs_client */;

--
-- Dumping data for table `child_execution_info_maps`
--

LOCK TABLES `child_execution_info_maps` WRITE;
/*!40000 ALTER TABLE `child_execution_info_maps` DISABLE KEYS */;
/*!40000 ALTER TABLE `child_execution_info_maps` ENABLE KEYS */;
UNLOCK TABLES;

--
-- Table structure for table `cluster_membership`
--

/*!40101 SET @saved_cs_client     = @@character_set_client */;
/*!50503 SET character_set_client = utf8mb4 */;
CREATE TABLE `cluster_membership` (
  `membership_partition` int NOT NULL,
  `host_id` binary(16) NOT NULL,
  `rpc_address` varchar(128) DEFAULT NULL,
  `rpc_port` smallint NOT NULL,
  `role` tinyint NOT NULL,
  `session_start` timestamp NULL DEFAULT '1970-01-02 00:00:01',
  `last_heartbeat` timestamp NULL DEFAULT '1970-01-02 00:00:01',
  `record_expiry` timestamp NULL DEFAULT '1970-01-02 00:00:01',
  PRIMARY KEY (`membership_partition`,`host_id`),
  KEY `role` (`role`,`host_id`),
  KEY `role_2` (`role`,`last_heartbeat`),
  KEY `rpc_address` (`rpc_address`,`role`),
  KEY `last_heartbeat` (`last_heartbeat`),
  KEY `record_expiry` (`record_expiry`)
) ENGINE=InnoDB DEFAULT CHARSET=utf8mb3;
/*!40101 SET character_set_client = @saved_cs_client */;

--
-- Table structure for table `cluster_metadata`
--

/*!40101 SET @saved_cs_client     = @@character_set_client */;
/*!50503 SET character_set_client = utf8mb4 */;
CREATE TABLE `cluster_metadata` (
  `metadata_partition` int NOT NULL,
  `data` mediumblob,
  `data_encoding` varchar(16) NOT NULL DEFAULT 'Proto3',
  `version` bigint NOT NULL DEFAULT '1',
  PRIMARY KEY (`metadata_partition`)
) ENGINE=InnoDB DEFAULT CHARSET=utf8mb3;
/*!40101 SET character_set_client = @saved_cs_client */;

--
-- Dumping data for table `cluster_metadata`
--

LOCK TABLES `cluster_metadata` WRITE;
/*!40000 ALTER TABLE `cluster_metadata` DISABLE KEYS */;
/*!40000 ALTER TABLE `cluster_metadata` ENABLE KEYS */;
UNLOCK TABLES;

--
-- Table structure for table `cluster_metadata_info`
--

/*!40101 SET @saved_cs_client     = @@character_set_client */;
/*!50503 SET character_set_client = utf8mb4 */;
CREATE TABLE `cluster_metadata_info` (
  `metadata_partition` int NOT NULL,
  `cluster_name` varchar(255) NOT NULL,
  `data` mediumblob NOT NULL,
  `data_encoding` varchar(16) NOT NULL,
  `version` bigint NOT NULL,
  PRIMARY KEY (`metadata_partition`,`cluster_name`)
) ENGINE=InnoDB DEFAULT CHARSET=utf8mb3;
/*!40101 SET character_set_client = @saved_cs_client */;

--
-- Table structure for table `current_executions`
--

/*!40101 SET @saved_cs_client     = @@character_set_client */;
/*!50503 SET character_set_client = utf8mb4 */;
CREATE TABLE `current_executions` (
  `shard_id` int NOT NULL,
  `namespace_id` binary(16) NOT NULL,
  `workflow_id` varchar(255) NOT NULL,
  `run_id` binary(16) NOT NULL,
  `create_request_id` varchar(255) DEFAULT NULL,
  `state` int NOT NULL,
  `status` int NOT NULL,
  `start_version` bigint NOT NULL DEFAULT '0',
  `last_write_version` bigint NOT NULL,
  PRIMARY KEY (`shard_id`,`namespace_id`,`workflow_id`)
) ENGINE=InnoDB DEFAULT CHARSET=utf8mb3;
/*!40101 SET character_set_client = @saved_cs_client */;

--
-- Dumping data for table `current_executions`
--

LOCK TABLES `current_executions` WRITE;
/*!40000 ALTER TABLE `current_executions` DISABLE KEYS */;
INSERT INTO `current_executions` VALUES (3,0x32049B68787240948E63D0DD59896A83,'temporal-sys-add-search-attributes-workflow',0xD420C5D0C3D040EB8F9DEDCCA601EEF3,'921993c0-2359-415d-97a9-64f34151e17c',3,2,0,0),(4,0x32049B68787240948E63D0DD59896A83,'temporal-sys-history-scanner',0x2F95901510A84A83B279333537411C3A,'ce40838b-94df-49fc-b669-32b664657571',1,1,0,0),(4,0x32049B68787240948E63D0DD59896A83,'temporal-sys-tq-scanner',0x9260ED18E7C84E6096EF8730EF9E5643,'f10aadfd-da01-46e8-9bca-fc9c6e795814',1,1,0,0);
/*!40000 ALTER TABLE `current_executions` ENABLE KEYS */;
UNLOCK TABLES;

--
-- Table structure for table `executions`
--

/*!40101 SET @saved_cs_client     = @@character_set_client */;
/*!50503 SET character_set_client = utf8mb4 */;
CREATE TABLE `executions` (
  `shard_id` int NOT NULL,
  `namespace_id` binary(16) NOT NULL,
  `workflow_id` varchar(255) NOT NULL,
  `run_id` binary(16) NOT NULL,
  `next_event_id` bigint NOT NULL,
  `last_write_version` bigint NOT NULL,
  `data` mediumblob,
  `data_encoding` varchar(16) NOT NULL,
  `state` mediumblob,
  `state_encoding` varchar(16) NOT NULL,
  `db_record_version` bigint NOT NULL DEFAULT '0',
  PRIMARY KEY (`shard_id`,`namespace_id`,`workflow_id`,`run_id`)
) ENGINE=InnoDB DEFAULT CHARSET=utf8mb3;
/*!40101 SET character_set_client = @saved_cs_client */;

--
-- Dumping data for table `executions`
--

LOCK TABLES `executions` WRITE;
/*!40000 ALTER TABLE `executions` DISABLE KEYS */;
INSERT INTO `executions` VALUES (3,0x32049B68787240948E63D0DD59896A83,'temporal-sys-add-search-attributes-workflow',0xD420C5D0C3D040EB8F9DEDCCA601EEF3,24,0,0x0A2433323034396236382D373837322D343039342D386536332D643064643539383936613833122B74656D706F72616C2D7379732D6164642D7365617263682D617474726962757465732D776F726B666C6F7738164A1164656661756C742D776F726B65722D7471522B74656D706F72616C2D7379732D6164642D7365617263682D617474726962757465732D776F726B666C6F775A0062006A02080A8801BF8040900116980115A2010C08E8D386C80610E6C9DE8C02AA010C08E8D386C80610BFF4A8F002CA0100D00101DA0100E20100F2010C08E8D386C80610F6D0B3E402FA0109656D707479557569649802019A035C0A5A0A203138373937613439356563373263313765393265323736353662653963383563122464343230633564302D633364302D343065622D386639642D6564636361363031656566331804220C08E8D386C80610E0B1AD9F023001A203790A084275696C64496473126D0A130A0474797065120B4B6579776F72644C6973740A160A08656E636F64696E67120A6A736F6E2F706C61696E123E5B22756E76657273696F6E6564222C22756E76657273696F6E65643A3138373937613439356563373263313765393265323736353662653963383563225DB2035412520A4C0A2464343230633564302D633364302D343065622D386639642D656463636136303165656633122465613331303435352D333530342D346631392D396534302D37643430306232336161656312020817BA032464343230633564302D633364302D343065622D386639642D656463636136303165656633C2030308F316CA030B088092B8C398FEFFFFFF01D003C08040D8030FE2030C08E8D386C80610E6C9DE8C028004C280408804C3804092040C08E8D386C80610FD9FA7F002B80403F204220A203138373937613439356563373263313765393265323736353662653963383563,'Proto3',0x0A2439323139393363302D323335392D343135642D393761392D363466333431353165313763122464343230633564302D633364302D343065622D386639642D65646363613630316565663318032002,'Proto3',16),(4,0x32049B68787240948E63D0DD59896A83,'temporal-sys-history-scanner',0x2F95901510A84A83B279333537411C3A,2,0,0x0A2433323034396236382D373837322D343039342D386536332D643064643539383936613833121C74656D706F72616C2D7379732D686973746F72792D7363616E6E65724A2874656D706F72616C2D7379732D686973746F72792D7363616E6E65722D7461736B71756575652D30522574656D706F72616C2D7379732D686973746F72792D7363616E6E65722D776F726B666C6F775A0062006A02080A8801818040900101A2010C08E6D386C8061086A09EFB01AA010C08E6D386C8061098FFA4FB01CA0100D00101FA0109656D70747955756964980201DA020C30202A2F3132202A202A202AB2035412520A4C0A2432663935393031352D313061382D346138332D623237392D333333353337343131633361122436353561353537612D363862622D346361312D623031622D33303265633539373364366112020801BA032432663935393031352D313061382D346138332D623237392D333333353337343131633361C20303089602CA030B088092B8C398FEFFFFFF01D003838040D80301E2030C08C08388C8061086A09EFB01,'Proto3',0x0A2463653430383338622D393464662D343966632D623636392D333262363634363537353731122432663935393031352D313061382D346138332D623237392D33333335333734313163336118012001,'Proto3',2),(4,0x32049B68787240948E63D0DD59896A83,'temporal-sys-tq-scanner',0x9260ED18E7C84E6096EF8730EF9E5643,2,0,0x0A2433323034396236382D373837322D343039342D386536332D643064643539383936613833121774656D706F72616C2D7379732D74712D7363616E6E65724A2374656D706F72616C2D7379732D74712D7363616E6E65722D7461736B71756575652D30522074656D706F72616C2D7379732D74712D7363616E6E65722D776F726B666C6F775A0062040880AF1A6A02080A8801808040900101A2010C08E6D386C8061086A09EFB01AA010C08E6D386C80610F0FEA4FB01CA0100D00101FA0109656D70747955756964980201DA020C30202A2F3132202A202A202AB2035412520A4C0A2439323630656431382D653763382D346536302D393665662D383733306566396535363433122464636666643366612D346431392D343763392D396637642D36333166636535303566366612020801BA032439323630656431382D653763382D346536302D393665662D383733306566396535363433C20303088B02CA030C08C0B2A2C8061086A09EFB01D003828040D80301E2030C08C08388C8061086A09EFB01,'Proto3',0x0A2466313061616466642D646130312D343665382D396263612D666339633665373935383134122439323630656431382D653763382D346536302D393665662D38373330656639653536343318012001,'Proto3',2);
/*!40000 ALTER TABLE `executions` ENABLE KEYS */;
UNLOCK TABLES;

--
-- Table structure for table `history_immediate_tasks`
--

/*!40101 SET @saved_cs_client     = @@character_set_client */;
/*!50503 SET character_set_client = utf8mb4 */;
CREATE TABLE `history_immediate_tasks` (
  `shard_id` int NOT NULL,
  `category_id` int NOT NULL,
  `task_id` bigint NOT NULL,
  `data` mediumblob NOT NULL,
  `data_encoding` varchar(16) NOT NULL,
  PRIMARY KEY (`shard_id`,`category_id`,`task_id`)
) ENGINE=InnoDB DEFAULT CHARSET=utf8mb3;
/*!40101 SET character_set_client = @saved_cs_client */;

--
-- Dumping data for table `history_immediate_tasks`
--

LOCK TABLES `history_immediate_tasks` WRITE;
/*!40000 ALTER TABLE `history_immediate_tasks` DISABLE KEYS */;
/*!40000 ALTER TABLE `history_immediate_tasks` ENABLE KEYS */;
UNLOCK TABLES;

--
-- Table structure for table `history_node`
--

/*!40101 SET @saved_cs_client     = @@character_set_client */;
/*!50503 SET character_set_client = utf8mb4 */;
CREATE TABLE `history_node` (
  `shard_id` int NOT NULL,
  `tree_id` binary(16) NOT NULL,
  `branch_id` binary(16) NOT NULL,
  `node_id` bigint NOT NULL,
  `txn_id` bigint NOT NULL,
  `data` mediumblob NOT NULL,
  `data_encoding` varchar(16) NOT NULL,
  `prev_txn_id` bigint NOT NULL DEFAULT '0',
  PRIMARY KEY (`shard_id`,`tree_id`,`branch_id`,`node_id`,`txn_id`)
) ENGINE=InnoDB DEFAULT CHARSET=utf8mb3;
/*!40101 SET character_set_client = @saved_cs_client */;

--
-- Dumping data for table `history_node`
--

LOCK TABLES `history_node` WRITE;
/*!40000 ALTER TABLE `history_node` DISABLE KEYS */;
INSERT INTO `history_node` VALUES (3,0xD420C5D0C3D040EB8F9DEDCCA601EEF3,0xEA31045535044F199E407D400B23AAEC,1,-1048578,0x0AF6030801120C08E8D386C80610E6C9DE8C0218012880804032DD030A2D0A2B74656D706F72616C2D7379732D6164642D7365617263682D617474726962757465732D776F726B666C6F772A150A1164656661756C742D776F726B65722D7471100132F7010AF4010A160A08656E636F64696E67120A6A736F6E2F706C61696E12D9017B22496E6465784E616D65223A22222C22437573746F6D41747472696275746573546F416464223A7B22437573746F6D426F6F6C4669656C64223A352C22437573746F6D4461746574696D654669656C64223A362C22437573746F6D446F75626C654669656C64223A342C22437573746F6D496E744669656C64223A332C22437573746F6D4B6579776F72644669656C64223A322C22437573746F6D537472696E674669656C64223A312C22437573746F6D546578744669656C64223A317D2C22536B6970536368656D61557064617465223A66616C73657D3A0042004A02080A722464343230633564302D633364302D343065622D386639642D6564636361363031656566337A0F31403632353835616230306666324082012464343230633564302D633364302D343065622D386639642D656463636136303165656633900101AA0100CA0100E2012B74656D706F72616C2D7379732D6164642D7365617263682D617474726962757465732D776F726B666C6F770A350802120C08E8D386C80610BB90E08C02180528818040521D0A150A1164656661756C742D776F726B65722D747110011202080A1801,'Proto3',0),(3,0xD420C5D0C3D040EB8F9DEDCCA601EEF3,0xEA31045535044F199E407D400B23AAEC,3,-1048583,0x0A540803120C08E8D386C80610F3F18899021806288680405A3C0802120F3140363235383561623030666632401A2439353131323135352D383933622D343832622D626364302D39646532343434666633666128B004,'Proto3',1048578),(3,0xD420C5D0C3D040EB8F9DEDCCA601EEF3,0xEA31045535044F199E407D400B23AAEC,4,-1048588,0x0A6D0804120C08E8D386C80610ADA3AD9F021807288A80406255080210031A0F3140363235383561623030666632402A220A20313837393761343935656337326331376539326532373635366265396338356332181201031A0B74656D706F72616C2D676F2206312E32352E316A000AF1020805120C08E8D386C80610EF89AF9F02180A288B80407AD8020A0135121B0A1941646445534D617070696E674669656C64416374697669747922150A1164656661756C742D776F726B65722D747110012A0032F7010AF4010A160A08656E636F64696E67120A6A736F6E2F706C61696E12D9017B22496E6465784E616D65223A22222C22437573746F6D41747472696275746573546F416464223A7B22437573746F6D426F6F6C4669656C64223A352C22437573746F6D4461746574696D654669656C64223A362C22437573746F6D446F75626C654669656C64223A342C22437573746F6D496E744669656C64223A332C22437573746F6D4B6579776F72644669656C64223A322C22437573746F6D537472696E674669656C64223A312C22437573746F6D546578744669656C64223A317D2C22536B6970536368656D61557064617465223A66616C73657D3A02081E4202081E4A02080A5200580462110A0208011100000000000000401A0208646801,'Proto3',1048583),(3,0xD420C5D0C3D040EB8F9DEDCCA601EEF3,0xEA31045535044F199E407D400B23AAEC,6,-1048597,0x0A540806120C08E8D386C80610E8D8F6A902180B2892804082013B0805120F3140363235383561623030666632401A2433393363383232342D313161322D346332312D386161652D33613135663262373463656120010A2E0807120C08E8D386C80610EA8FDEAF02180C289380408A011510051806220F3140363235383561623030666632400A680808120C08E8D386C80610BFC3DEAF0218052894804052500A480A313632353835616230306666323A32623137353461382D333034352D343532342D616662362D30613735613763383837326610021A1164656661756C742D776F726B65722D74711202080A1801,'Proto3',1048588),(3,0xD420C5D0C3D040EB8F9DEDCCA601EEF3,0xEA31045535044F199E407D400B23AAEC,9,-1048601,0x0A540809120C08E8D386C80610C9B1BDB6021806289880405A3C0808120F3140363235383561623030666632401A2436646265343439372D343965392D343462622D613237342D39373837343135336137326528D90A,'Proto3',1048597),(3,0xD420C5D0C3D040EB8F9DEDCCA601EEF3,0xEA31045535044F199E407D400B23AAEC,10,-1048606,0x0A55080A120C08E8D386C80610ADC8ABBC021807289C8040623D080810091A0F3140363235383561623030666632402A220A20313837393761343935656337326331376539326532373635366265396338356332006A000A9B01080B120C08E8D386C80610EDADADBC02180A289D80407A82010A023131121D0A1B57616974466F7259656C6C6F77537461747573416374697669747922150A1164656661756C742D776F726B65722D747110012A00321E0A1C0A160A08656E636F64696E67120A6A736F6E2F706C61696E120222223A02083C4202083C4A0208145200580A62120A0208051100000000000000401A0308F4036801,'Proto3',1048601),(3,0xD420C5D0C3D040EB8F9DEDCCA601EEF3,0xEA31045535044F199E407D400B23AAEC,12,-1048614,0x0A54080C120C08E8D386C80610F6AAF7C102180B28A3804082013B080B120F3140363235383561623030666632401A2435313161666136332D643063322D343163392D383663662D31326464343239363561393920010A2E080D120C08E8D386C80610B19EF1C502180C28A480408A0115100B180C220F3140363235383561623030666632400A68080E120C08E8D386C80610E3C6F1C502180528A5804052500A480A313632353835616230306666323A32623137353461382D333034352D343532342D616662362D30613735613763383837326610021A1164656661756C742D776F726B65722D74711202080A1801,'Proto3',1048606),(3,0xD420C5D0C3D040EB8F9DEDCCA601EEF3,0xEA31045535044F199E407D400B23AAEC,15,-1048618,0x0A54080F120C08E8D386C80610A3908DCC02180628A980405A3C080E120F3140363235383561623030666632401A2435363264393563332D663835342D343634362D613231322D61653035373839396461353828940F,'Proto3',1048614),(3,0xD420C5D0C3D040EB8F9DEDCCA601EEF3,0xEA31045535044F199E407D400B23AAEC,16,-1048623,0x0A550810120C08E8D386C80610FDBC9DD402180728AD8040623D080E100F1A0F3140363235383561623030666632402A220A20313837393761343935656337326331376539326532373635366265396338356332006A000AF6020811120C08E8D386C8061096E59FD402180A28AE80407ADD020A023137121F0A1D557064617465436C75737465724D65746164617461416374697669747922150A1164656661756C742D776F726B65722D747110012A0032F7010AF4010A160A08656E636F64696E67120A6A736F6E2F706C61696E12D9017B22496E6465784E616D65223A22222C22437573746F6D41747472696275746573546F416464223A7B22437573746F6D426F6F6C4669656C64223A352C22437573746F6D4461746574696D654669656C64223A362C22437573746F6D446F75626C654669656C64223A342C22437573746F6D496E744669656C64223A332C22437573746F6D4B6579776F72644669656C64223A322C22437573746F6D537472696E674669656C64223A312C22437573746F6D546578744669656C64223A317D2C22536B6970536368656D61557064617465223A66616C73657D3A02080A4202080A4A0208025200581062110A0208011100000000000000401A0208646801,'Proto3',1048618),(3,0xD420C5D0C3D040EB8F9DEDCCA601EEF3,0xEA31045535044F199E407D400B23AAEC,18,-1048631,0x0A540812120C08E8D386C80610CCD8A3DE02180B28B4804082013B0811120F3140363235383561623030666632401A2434303632653762612D393438632D343962342D623934342D30646432363032363065383720010A2E0813120C08E8D386C80610B4AEB3E402180C28B580408A011510111812220F3140363235383561623030666632400A680814120C08E8D386C80610B9EAB3E402180528B6804052500A480A313632353835616230306666323A32623137353461382D333034352D343532342D616662362D30613735613763383837326610021A1164656661756C742D776F726B65722D74711202080A1801,'Proto3',1048623),(3,0xD420C5D0C3D040EB8F9DEDCCA601EEF3,0xEA31045535044F199E407D400B23AAEC,21,-1048635,0x0A540815120C08E8D386C80610E8EE80EA02180628BA80405A3C0814120F3140363235383561623030666632401A2436323437636234642D653965392D343339322D623736352D33333934333739646238323528AA15,'Proto3',1048631),(3,0xD420C5D0C3D040EB8F9DEDCCA601EEF3,0xEA31045535044F199E407D400B23AAEC,22,-1048640,0x0A550816120C08E8D386C80610FFFBA5F002180728BE8040623D081410151A0F3140363235383561623030666632402A220A20313837393761343935656337326331376539326532373635366265396338356332006A000A1A0817120C08E8D386C80610FD9FA7F002180228BF80403A021016,'Proto3',1048635),(4,0x2F95901510A84A83B279333537411C3A,0x655A557A68BB4CA1B01B302EC5973D6A,1,-1048579,0x0A93020801120C08E6D386C8061086A09EFB0118012881804032FA010A270A2574656D706F72616C2D7379732D686973746F72792D7363616E6E65722D776F726B666C6F772A2C0A2874656D706F72616C2D7379732D686973746F72792D7363616E6E65722D7461736B71756575652D3010013A0042004A02080A5803722432663935393031352D313061382D346138332D623237392D3333333533373431316333617A0F31403632353835616230306666324082012432663935393031352D313061382D346138332D623237392D333333353337343131633361900101A2010C30202A2F3132202A202A202AAA010408DAAF01CA0100E2011C74656D706F72616C2D7379732D686973746F72792D7363616E6E6572,'Proto3',0),(4,0x9260ED18E7C84E6096EF8730EF9E5643,0xDCFFD3FA4D1947C99F7D631FCE505F6F,1,-1048578,0x0A88020801120C08E6D386C8061086A09EFB0118012880804032EF010A220A2074656D706F72616C2D7379732D74712D7363616E6E65722D776F726B666C6F772A270A2374656D706F72616C2D7379732D74712D7363616E6E65722D7461736B71756575652D3010013A0042040880AF1A4A02080A5803722439323630656431382D653763382D346536302D393665662D3837333065663965353634337A0F31403632353835616230306666324082012439323630656431382D653763382D346536302D393665662D383733306566396535363433900101A2010C30202A2F3132202A202A202AAA010408DAAF01CA0100E2011774656D706F72616C2D7379732D74712D7363616E6E6572,'Proto3',0);
/*!40000 ALTER TABLE `history_node` ENABLE KEYS */;
UNLOCK TABLES;

--
-- Table structure for table `history_scheduled_tasks`
--

/*!40101 SET @saved_cs_client     = @@character_set_client */;
/*!50503 SET character_set_client = utf8mb4 */;
CREATE TABLE `history_scheduled_tasks` (
  `shard_id` int NOT NULL,
  `category_id` int NOT NULL,
  `visibility_timestamp` datetime(6) NOT NULL,
  `task_id` bigint NOT NULL,
  `data` mediumblob NOT NULL,
  `data_encoding` varchar(16) NOT NULL,
  PRIMARY KEY (`shard_id`,`category_id`,`visibility_timestamp`,`task_id`)
) ENGINE=InnoDB DEFAULT CHARSET=utf8mb3;
/*!40101 SET character_set_client = @saved_cs_client */;

--
-- Dumping data for table `history_scheduled_tasks`
--

LOCK TABLES `history_scheduled_tasks` WRITE;
/*!40000 ALTER TABLE `history_scheduled_tasks` DISABLE KEYS */;
/*!40000 ALTER TABLE `history_scheduled_tasks` ENABLE KEYS */;
UNLOCK TABLES;

--
-- Table structure for table `history_tree`
--

/*!40101 SET @saved_cs_client     = @@character_set_client */;
/*!50503 SET character_set_client = utf8mb4 */;
CREATE TABLE `history_tree` (
  `shard_id` int NOT NULL,
  `tree_id` binary(16) NOT NULL,
  `branch_id` binary(16) NOT NULL,
  `data` mediumblob,
  `data_encoding` varchar(16) NOT NULL,
  PRIMARY KEY (`shard_id`,`tree_id`,`branch_id`)
) ENGINE=InnoDB DEFAULT CHARSET=utf8mb3;
/*!40101 SET character_set_client = @saved_cs_client */;

--
-- Dumping data for table `history_tree`
--

LOCK TABLES `history_tree` WRITE;
/*!40000 ALTER TABLE `history_tree` DISABLE KEYS */;
INSERT INTO `history_tree` VALUES (3,0xD420C5D0C3D040EB8F9DEDCCA601EEF3,0xEA31045535044F199E407D400B23AAEC,0x0A4C0A2464343230633564302D633364302D343065622D386639642D656463636136303165656633122465613331303435352D333530342D346631392D396534302D376434303062323361616563120C08E8D386C8061084ECE48C021A7533323034396236382D373837322D343039342D386536332D6430646435393839366138333A74656D706F72616C2D7379732D6164642D7365617263682D617474726962757465732D776F726B666C6F773A64343230633564302D633364302D343065622D386639642D656463636136303165656633224C0A2464343230633564302D633364302D343065622D386639642D656463636136303165656633122465613331303435352D333530342D346631392D396534302D376434303062323361616563,'Proto3'),(4,0x2F95901510A84A83B279333537411C3A,0x655A557A68BB4CA1B01B302EC5973D6A,0x0A4C0A2432663935393031352D313061382D346138332D623237392D333333353337343131633361122436353561353537612D363862622D346361312D623031622D333032656335393733643661120C08E6D386C80610F3BCABFB011A6633323034396236382D373837322D343039342D386536332D6430646435393839366138333A74656D706F72616C2D7379732D686973746F72792D7363616E6E65723A32663935393031352D313061382D346138332D623237392D333333353337343131633361224C0A2432663935393031352D313061382D346138332D623237392D333333353337343131633361122436353561353537612D363862622D346361312D623031622D333032656335393733643661,'Proto3'),(4,0x9260ED18E7C84E6096EF8730EF9E5643,0xDCFFD3FA4D1947C99F7D631FCE505F6F,0x0A4C0A2439323630656431382D653763382D346536302D393665662D383733306566396535363433122464636666643366612D346431392D343763392D396637642D363331666365353035663666120C08E6D386C806109AB1F980021A6133323034396236382D373837322D343039342D386536332D6430646435393839366138333A74656D706F72616C2D7379732D74712D7363616E6E65723A39323630656431382D653763382D346536302D393665662D383733306566396535363433224C0A2439323630656431382D653763382D346536302D393665662D383733306566396535363433122464636666643366612D346431392D343763392D396637642D363331666365353035663666,'Proto3');
/*!40000 ALTER TABLE `history_tree` ENABLE KEYS */;
UNLOCK TABLES;

--
-- Table structure for table `namespace_metadata`
--

/*!40101 SET @saved_cs_client     = @@character_set_client */;
/*!50503 SET character_set_client = utf8mb4 */;
CREATE TABLE `namespace_metadata` (
  `partition_id` int NOT NULL,
  `notification_version` bigint NOT NULL,
  PRIMARY KEY (`partition_id`)
) ENGINE=InnoDB DEFAULT CHARSET=utf8mb3;
/*!40101 SET character_set_client = @saved_cs_client */;

--
-- Dumping data for table `namespace_metadata`
--

LOCK TABLES `namespace_metadata` WRITE;
/*!40000 ALTER TABLE `namespace_metadata` DISABLE KEYS */;
INSERT INTO `namespace_metadata` VALUES (54321,3);
/*!40000 ALTER TABLE `namespace_metadata` ENABLE KEYS */;
UNLOCK TABLES;

--
-- Table structure for table `namespaces`
--

/*!40101 SET @saved_cs_client     = @@character_set_client */;
/*!50503 SET character_set_client = utf8mb4 */;
CREATE TABLE `namespaces` (
  `partition_id` int NOT NULL,
  `id` binary(16) NOT NULL,
  `name` varchar(255) NOT NULL,
  `notification_version` bigint NOT NULL,
  `data` mediumblob,
  `data_encoding` varchar(16) NOT NULL,
  `is_global` tinyint(1) NOT NULL,
  PRIMARY KEY (`partition_id`,`id`),
  UNIQUE KEY `name` (`name`)
) ENGINE=InnoDB DEFAULT CHARSET=utf8mb3;
/*!40101 SET character_set_client = @saved_cs_client */;

--
-- Dumping data for table `namespaces`
--

LOCK TABLES `namespaces` WRITE;
/*!40000 ALTER TABLE `namespaces` DISABLE KEYS */;
INSERT INTO `namespaces` VALUES (54321,0x32049B68787240948E63D0DD59896A83,'temporal-system',1,0x0A780A2433323034396236382D373837322D343039342D386536332D64306464353938393661383310011A0F74656D706F72616C2D73797374656D222254656D706F72616C20696E7465726E616C2073797374656D206E616D6573706163652A1974656D706F72616C2D636F72654074656D706F72616C2E696F120A0A040880F524200130011A100A06616374697665120661637469766528FFFFFFFFFFFFFFFFFF01,'Proto3',0),(54321,0x5227B6F2B00A4D0A9FFC503C1FB55836,'default',2,0x0A590A2435323237623666322D623030612D346430612D396666632D35303363316662353538333610011A0764656661756C74222644656661756C74206E616D65737061636520666F722054656D706F72616C205365727665722E120C0A040880A3051A00200130011A120A0661637469766512066163746976651801,'Proto3',0);
/*!40000 ALTER TABLE `namespaces` ENABLE KEYS */;
UNLOCK TABLES;

--
-- Table structure for table `queue`
--

/*!40101 SET @saved_cs_client     = @@character_set_client */;
/*!50503 SET character_set_client = utf8mb4 */;
CREATE TABLE `queue` (
  `queue_type` int NOT NULL,
  `message_id` bigint NOT NULL,
  `message_payload` mediumblob,
  `message_encoding` varchar(16) NOT NULL DEFAULT 'Json',
  PRIMARY KEY (`queue_type`,`message_id`)
) ENGINE=InnoDB DEFAULT CHARSET=utf8mb3;
/*!40101 SET character_set_client = @saved_cs_client */;

--
-- Dumping data for table `queue`
--

LOCK TABLES `queue` WRITE;
/*!40000 ALTER TABLE `queue` DISABLE KEYS */;
/*!40000 ALTER TABLE `queue` ENABLE KEYS */;
UNLOCK TABLES;

--
-- Table structure for table `queue_metadata`
--

/*!40101 SET @saved_cs_client     = @@character_set_client */;
/*!50503 SET character_set_client = utf8mb4 */;
CREATE TABLE `queue_metadata` (
  `queue_type` int NOT NULL,
  `data` mediumblob,
  `data_encoding` varchar(16) NOT NULL DEFAULT 'Json',
  `version` bigint NOT NULL DEFAULT '0',
  PRIMARY KEY (`queue_type`)
) ENGINE=InnoDB DEFAULT CHARSET=utf8mb3;
/*!40101 SET character_set_client = @saved_cs_client */;

--
-- Dumping data for table `queue_metadata`
--

LOCK TABLES `queue_metadata` WRITE;
/*!40000 ALTER TABLE `queue_metadata` DISABLE KEYS */;
INSERT INTO `queue_metadata` VALUES (-1,'','Proto3',0),(1,'','Proto3',0);
/*!40000 ALTER TABLE `queue_metadata` ENABLE KEYS */;
UNLOCK TABLES;

--
-- Table structure for table `replication_tasks`
--

/*!40101 SET @saved_cs_client     = @@character_set_client */;
/*!50503 SET character_set_client = utf8mb4 */;
CREATE TABLE `replication_tasks` (
  `shard_id` int NOT NULL,
  `task_id` bigint NOT NULL,
  `data` mediumblob,
  `data_encoding` varchar(16) NOT NULL,
  PRIMARY KEY (`shard_id`,`task_id`)
) ENGINE=InnoDB DEFAULT CHARSET=utf8mb3;
/*!40101 SET character_set_client = @saved_cs_client */;

--
-- Dumping data for table `replication_tasks`
--

LOCK TABLES `replication_tasks` WRITE;
/*!40000 ALTER TABLE `replication_tasks` DISABLE KEYS */;
/*!40000 ALTER TABLE `replication_tasks` ENABLE KEYS */;
UNLOCK TABLES;

--
-- Table structure for table `replication_tasks_dlq`
--

/*!40101 SET @saved_cs_client     = @@character_set_client */;
/*!50503 SET character_set_client = utf8mb4 */;
CREATE TABLE `replication_tasks_dlq` (
  `source_cluster_name` varchar(255) NOT NULL,
  `shard_id` int NOT NULL,
  `task_id` bigint NOT NULL,
  `data` mediumblob,
  `data_encoding` varchar(16) NOT NULL,
  PRIMARY KEY (`source_cluster_name`,`shard_id`,`task_id`)
) ENGINE=InnoDB DEFAULT CHARSET=utf8mb3;
/*!40101 SET character_set_client = @saved_cs_client */;

--
-- Dumping data for table `replication_tasks_dlq`
--

LOCK TABLES `replication_tasks_dlq` WRITE;
/*!40000 ALTER TABLE `replication_tasks_dlq` DISABLE KEYS */;
/*!40000 ALTER TABLE `replication_tasks_dlq` ENABLE KEYS */;
UNLOCK TABLES;

--
-- Table structure for table `request_cancel_info_maps`
--

/*!40101 SET @saved_cs_client     = @@character_set_client */;
/*!50503 SET character_set_client = utf8mb4 */;
CREATE TABLE `request_cancel_info_maps` (
  `shard_id` int NOT NULL,
  `namespace_id` binary(16) NOT NULL,
  `workflow_id` varchar(255) NOT NULL,
  `run_id` binary(16) NOT NULL,
  `initiated_id` bigint NOT NULL,
  `data` mediumblob,
  `data_encoding` varchar(16) DEFAULT NULL,
  PRIMARY KEY (`shard_id`,`namespace_id`,`workflow_id`,`run_id`,`initiated_id`)
) ENGINE=InnoDB DEFAULT CHARSET=utf8mb3;
/*!40101 SET character_set_client = @saved_cs_client */;

--
-- Dumping data for table `request_cancel_info_maps`
--

LOCK TABLES `request_cancel_info_maps` WRITE;
/*!40000 ALTER TABLE `request_cancel_info_maps` DISABLE KEYS */;
/*!40000 ALTER TABLE `request_cancel_info_maps` ENABLE KEYS */;
UNLOCK TABLES;

--
-- Table structure for table `schema_update_history`
--

/*!40101 SET @saved_cs_client     = @@character_set_client */;
/*!50503 SET character_set_client = utf8mb4 */;
CREATE TABLE `schema_update_history` (
  `version_partition` int NOT NULL,
  `year` int NOT NULL,
  `month` int NOT NULL,
  `update_time` datetime(6) NOT NULL,
  `description` varchar(255) DEFAULT NULL,
  `manifest_md5` varchar(64) DEFAULT NULL,
  `new_version` varchar(64) DEFAULT NULL,
  `old_version` varchar(64) DEFAULT NULL,
  PRIMARY KEY (`version_partition`,`year`,`month`,`update_time`)
) ENGINE=InnoDB DEFAULT CHARSET=utf8mb3;
/*!40101 SET character_set_client = @saved_cs_client */;

--
-- Dumping data for table `schema_update_history`
--

LOCK TABLES `schema_update_history` WRITE;
/*!40000 ALTER TABLE `schema_update_history` DISABLE KEYS */;
INSERT INTO `schema_update_history` VALUES (0,2025,10,'2025-10-29 05:45:07.409062','initial version','','0.0','0'),(0,2025,10,'2025-10-29 05:45:08.089115','base version of schema','55b84ca114ac34d84bdc5f52c198fa33','1.0','0.0'),(0,2025,10,'2025-10-29 05:45:08.156808','schema update for cluster metadata','58f06841bbb187cb210db32a090c21ee','1.1','1.0'),(0,2025,10,'2025-10-29 05:45:09.380944','schema update for RPC replication and blob size adjustments','d0980c1ffb9ffa6e3ab6f84e285ffa9d','1.2','1.1'),(0,2025,10,'2025-10-29 05:45:09.411509','schema update for kafka deprecation','3beee7d470421674194475f94b58d89b','1.3','1.2'),(0,2025,10,'2025-10-29 05:45:09.456463','schema update for cluster metadata cleanup','c53e2e9cea5660c8a1f3b2ac73cdb138','1.4','1.3'),(0,2025,10,'2025-10-29 05:45:09.582665','schema update for cluster_membership, executions and history_node tables','bfb307ba10ac0fdec83e0065dc5ffee4','1.5','1.4'),(0,2025,10,'2025-10-29 05:45:09.609258','schema update for queue_metadata','978e1a6500d377ba91c6e37e5275a59b','1.6','1.5'),(0,2025,10,'2025-10-29 05:45:09.675922','create cluster metadata info table to store cluster information and executions to store tiered storage queue','366b8b49d6701a6a09778e51ad1682ed','1.7','1.6'),(0,2025,10,'2025-10-29 05:45:09.823044','drop unused tasks table; expand VARCHAR columns governed by maxIDLength to VARCHAR(255)','bc0761b792a339f7e1e29e00c4fd3e64','1.8','1.7'),(0,2025,10,'2025-10-29 05:45:09.876540','add history tasks table','b62e4e5826967e152e00b75da42d12ea','1.9','1.8'),(0,2025,10,'2025-10-29 05:45:09.928429','add storage for update records and create task_queue_user_data table','2b0c361b0d4ab7cf09ead5566f0db520','1.10','1.9');
/*!40000 ALTER TABLE `schema_update_history` ENABLE KEYS */;
UNLOCK TABLES;

--
-- Table structure for table `schema_version`
--

/*!40101 SET @saved_cs_client     = @@character_set_client */;
/*!50503 SET character_set_client = utf8mb4 */;
CREATE TABLE `schema_version` (
  `version_partition` int NOT NULL,
  `db_name` varchar(255) NOT NULL,
  `creation_time` datetime(6) DEFAULT NULL,
  `curr_version` varchar(64) DEFAULT NULL,
  `min_compatible_version` varchar(64) DEFAULT NULL,
  PRIMARY KEY (`version_partition`,`db_name`)
) ENGINE=InnoDB DEFAULT CHARSET=utf8mb3;
/*!40101 SET character_set_client = @saved_cs_client */;

--
-- Dumping data for table `schema_version`
--

LOCK TABLES `schema_version` WRITE;
/*!40000 ALTER TABLE `schema_version` DISABLE KEYS */;
INSERT INTO `schema_version` VALUES (0,'temporal','2025-10-29 05:45:09.924917','1.10','1.0');
/*!40000 ALTER TABLE `schema_version` ENABLE KEYS */;
UNLOCK TABLES;

--
-- Table structure for table `shards`
--

/*!40101 SET @saved_cs_client     = @@character_set_client */;
/*!50503 SET character_set_client = utf8mb4 */;
CREATE TABLE `shards` (
  `shard_id` int NOT NULL,
  `range_id` bigint NOT NULL,
  `data` mediumblob,
  `data_encoding` varchar(16) NOT NULL,
  PRIMARY KEY (`shard_id`)
) ENGINE=InnoDB DEFAULT CHARSET=utf8mb3;
/*!40101 SET character_set_client = @saved_cs_client */;

--
-- Dumping data for table `shards`
--

LOCK TABLES `shards` WRITE;
/*!40000 ALTER TABLE `shards` DISABLE KEYS */;
INSERT INTO `shards` VALUES (1,1,0x080110011A363137322E31382E302E323A373233342D332D64643538373038322D343163362D346162332D393632352D36373835303638333836616230013A0C08E6D386C8061094F6EFCB01,'Proto3'),(2,1,0x080210011A363137322E31382E302E323A373233342D342D66363638343734632D373666652D343965622D613164392D37303235393630656465393630013A0C08E6D386C80610C2F0EFCB01,'Proto3'),(3,1,0x080310011A363137322E31382E302E323A373233342D322D66363338303338362D373464382D343233392D383930632D32306435363333616366323330013A0C08E6D386C80610ECE8EFCB01,'Proto3'),(4,1,0x080410011A363137322E31382E302E323A373233342D312D32663534326536322D633739662D346431652D396633632D34313863346532343233353430013A0C08E6D386C80610ABCD9ACB01,'Proto3');
/*!40000 ALTER TABLE `shards` ENABLE KEYS */;
UNLOCK TABLES;

--
-- Table structure for table `signal_info_maps`
--

/*!40101 SET @saved_cs_client     = @@character_set_client */;
/*!50503 SET character_set_client = utf8mb4 */;
CREATE TABLE `signal_info_maps` (
  `shard_id` int NOT NULL,
  `namespace_id` binary(16) NOT NULL,
  `workflow_id` varchar(255) NOT NULL,
  `run_id` binary(16) NOT NULL,
  `initiated_id` bigint NOT NULL,
  `data` mediumblob,
  `data_encoding` varchar(16) DEFAULT NULL,
  PRIMARY KEY (`shard_id`,`namespace_id`,`workflow_id`,`run_id`,`initiated_id`)
) ENGINE=InnoDB DEFAULT CHARSET=utf8mb3;
/*!40101 SET character_set_client = @saved_cs_client */;

--
-- Dumping data for table `signal_info_maps`
--

LOCK TABLES `signal_info_maps` WRITE;
/*!40000 ALTER TABLE `signal_info_maps` DISABLE KEYS */;
/*!40000 ALTER TABLE `signal_info_maps` ENABLE KEYS */;
UNLOCK TABLES;

--
-- Table structure for table `signals_requested_sets`
--

/*!40101 SET @saved_cs_client     = @@character_set_client */;
/*!50503 SET character_set_client = utf8mb4 */;
CREATE TABLE `signals_requested_sets` (
  `shard_id` int NOT NULL,
  `namespace_id` binary(16) NOT NULL,
  `workflow_id` varchar(255) NOT NULL,
  `run_id` binary(16) NOT NULL,
  `signal_id` varchar(255) NOT NULL,
  PRIMARY KEY (`shard_id`,`namespace_id`,`workflow_id`,`run_id`,`signal_id`)
) ENGINE=InnoDB DEFAULT CHARSET=utf8mb3;
/*!40101 SET character_set_client = @saved_cs_client */;

--
-- Dumping data for table `signals_requested_sets`
--

LOCK TABLES `signals_requested_sets` WRITE;
/*!40000 ALTER TABLE `signals_requested_sets` DISABLE KEYS */;
/*!40000 ALTER TABLE `signals_requested_sets` ENABLE KEYS */;
UNLOCK TABLES;

--
-- Table structure for table `task_queue_user_data`
--

/*!40101 SET @saved_cs_client     = @@character_set_client */;
/*!50503 SET character_set_client = utf8mb4 */;
CREATE TABLE `task_queue_user_data` (
  `namespace_id` binary(16) NOT NULL,
  `task_queue_name` varchar(255) NOT NULL,
  `data` mediumblob NOT NULL,
  `data_encoding` varchar(16) NOT NULL,
  `version` bigint NOT NULL,
  PRIMARY KEY (`namespace_id`,`task_queue_name`)
) ENGINE=InnoDB DEFAULT CHARSET=utf8mb3;
/*!40101 SET character_set_client = @saved_cs_client */;

--
-- Dumping data for table `task_queue_user_data`
--

LOCK TABLES `task_queue_user_data` WRITE;
/*!40000 ALTER TABLE `task_queue_user_data` DISABLE KEYS */;
/*!40000 ALTER TABLE `task_queue_user_data` ENABLE KEYS */;
UNLOCK TABLES;

--
-- Table structure for table `task_queues`
--

/*!40101 SET @saved_cs_client     = @@character_set_client */;
/*!50503 SET character_set_client = utf8mb4 */;
CREATE TABLE `task_queues` (
  `range_hash` int unsigned NOT NULL,
  `task_queue_id` varbinary(272) NOT NULL,
  `range_id` bigint NOT NULL,
  `data` mediumblob,
  `data_encoding` varchar(16) NOT NULL,
  PRIMARY KEY (`range_hash`,`task_queue_id`)
) ENGINE=InnoDB DEFAULT CHARSET=utf8mb3;
/*!40101 SET character_set_client = @saved_cs_client */;

--
-- Dumping data for table `task_queues`
--

LOCK TABLES `task_queues` WRITE;
/*!40000 ALTER TABLE `task_queues` DISABLE KEYS */;
INSERT INTO `task_queues` VALUES (38469894,0x32049B68787240948E63D0DD59896A833632353835616230306666323A66663665626165322D353361372D346366312D386530342D37356337323430313136623901,1,0x0A2433323034396236382D373837322D343039342D386536332D64306464353938393661383312313632353835616230306666323A66663665626165322D353361372D346366312D386530342D37356337323430313136623918012002320C08E6F68BC80610FEBE85C0023A0C08E6D386C80610BDC085C002,'Proto3'),(70786998,0x32049B68787240948E63D0DD59896A832F5F7379732F74656D706F72616C2D7379732D74712D7363616E6E65722D7461736B71756575652D302F3101,1,0x0A2433323034396236382D373837322D343039342D386536332D643064643539383936613833122B2F5F7379732F74656D706F72616C2D7379732D74712D7363616E6E65722D7461736B71756575652D302F31180120013A0C08E6D386C80610E78CB9BA02,'Proto3'),(223356625,0x32049B68787240948E63D0DD59896A8364656661756C742D776F726B65722D747102,1,0x0A2433323034396236382D373837322D343039342D386536332D643064643539383936613833121164656661756C742D776F726B65722D7471180220013A0C08E6D386C806108595F6C202,'Proto3'),(250156761,0x32049B68787240948E63D0DD59896A832F5F7379732F64656661756C742D776F726B65722D74712F3201,1,0x0A2433323034396236382D373837322D343039342D386536332D64306464353938393661383312192F5F7379732F64656661756C742D776F726B65722D74712F32180120013A0C08E6D386C80610B3A1DCC202,'Proto3'),(288707420,0x32049B68787240948E63D0DD59896A8374656D706F72616C2D617263686976616C2D747102,1,0x0A2433323034396236382D373837322D343039342D386536332D643064643539383936613833121474656D706F72616C2D617263686976616C2D7471180220013A0C08E6D386C80610F5AEE8BE02,'Proto3'),(430461988,0x32049B68787240948E63D0DD59896A832F5F7379732F74656D706F72616C2D7379732D74712D7363616E6E65722D7461736B71756575652D302F3301,1,0x0A2433323034396236382D373837322D343039342D386536332D643064643539383936613833122B2F5F7379732F74656D706F72616C2D7379732D74712D7363616E6E65722D7461736B71756575652D302F33180120013A0C08E6D386C8061086B48BBC02,'Proto3'),(577178877,0x32049B68787240948E63D0DD59896A832F5F7379732F64656661756C742D776F726B65722D74712F3302,1,0x0A2433323034396236382D373837322D343039342D386536332D64306464353938393661383312192F5F7379732F64656661756C742D776F726B65722D74712F33180220013A0C08E6D386C8061086FE8FC502,'Proto3'),(653791233,0x32049B68787240948E63D0DD59896A832F5F7379732F74656D706F72616C2D7379732D626174636865722D7461736B71756575652F3102,1,0x0A2433323034396236382D373837322D343039342D386536332D64306464353938393661383312262F5F7379732F74656D706F72616C2D7379732D626174636865722D7461736B71756575652F31180220013A0C08E6D386C80610D6B6A5C502,'Proto3'),(855071660,0x32049B68787240948E63D0DD59896A833632353835616230306666323A36613537333461642D663961322D346465342D623066342D32366333306531343864633701,1,0x0A2433323034396236382D373837322D343039342D386536332D64306464353938393661383312313632353835616230306666323A36613537333461642D663961322D346465342D623066342D32366333306531343864633718012002320C08E6F68BC80610A9C48DC5023A0C08E6D386C80610F1C58DC502,'Proto3'),(978355756,0x32049B68787240948E63D0DD59896A832F5F7379732F74656D706F72616C2D7379732D626174636865722D7461736B71756575652F3301,1,0x0A2433323034396236382D373837322D343039342D386536332D64306464353938393661383312262F5F7379732F74656D706F72616C2D7379732D626174636865722D7461736B71756575652F33180120013A0C08E6D386C80610B7BA86C102,'Proto3'),(1018868252,0x32049B68787240948E63D0DD59896A832F5F7379732F74656D706F72616C2D7379732D70726F636573736F722D706172656E742D636C6F73652D706F6C6963792F3202,1,0x0A2433323034396236382D373837322D343039342D386536332D64306464353938393661383312322F5F7379732F74656D706F72616C2D7379732D70726F636573736F722D706172656E742D636C6F73652D706F6C6963792F32180220013A0C08E6D386C80610D680DCC002,'Proto3'),(1045178678,0x32049B68787240948E63D0DD59896A832F5F7379732F64656661756C742D776F726B65722D74712F3102,1,0x0A2433323034396236382D373837322D343039342D386536332D64306464353938393661383312192F5F7379732F64656661756C742D776F726B65722D74712F31180220013A0C08E8D386C80610E7E7F1AF02,'Proto3'),(1167529984,0x32049B68787240948E63D0DD59896A833632353835616230306666323A66626432356336332D323862632D346635622D396632652D37303264313033613661356601,1,0x0A2433323034396236382D373837322D343039342D386536332D64306464353938393661383312313632353835616230306666323A66626432356336332D323862632D346635622D396632652D37303264313033613661356618012002320C08E6F68BC80610F888B7BB023A0C08E6D386C806109A8BB7BB02,'Proto3'),(1177789365,0x32049B68787240948E63D0DD59896A832F5F7379732F74656D706F72616C2D617263686976616C2D74712F3302,1,0x0A2433323034396236382D373837322D343039342D386536332D643064643539383936613833121C2F5F7379732F74656D706F72616C2D617263686976616C2D74712F33180220013A0C08E6D386C806108EAFEABF02,'Proto3'),(1179622841,0x32049B68787240948E63D0DD59896A833632353835616230306666323A39663332366366352D373036662D343332312D623237642D39616137333636616337303701,1,0x0A2433323034396236382D373837322D343039342D386536332D64306464353938393661383312313632353835616230306666323A39663332366366352D373036662D343332312D623237642D39616137333636616337303718012002320C08E6F68BC80610D5EECBB9023A0C08E6D386C806109FF1CBB902,'Proto3'),(1410825331,0x32049B68787240948E63D0DD59896A8374656D706F72616C2D7379732D74712D7363616E6E65722D7461736B71756575652D3002,1,0x0A2433323034396236382D373837322D343039342D386536332D643064643539383936613833122374656D706F72616C2D7379732D74712D7363616E6E65722D7461736B71756575652D30180220013A0C08E6D386C80610FDE9CFBD02,'Proto3'),(1509922732,0x32049B68787240948E63D0DD59896A832F5F7379732F64656661756C742D776F726B65722D74712F3202,1,0x0A2433323034396236382D373837322D343039342D386536332D64306464353938393661383312192F5F7379732F64656661756C742D776F726B65722D74712F32180220013A0C08E8D386C80610D6C5CEA602,'Proto3'),(1688886821,0x32049B68787240948E63D0DD59896A8374656D706F72616C2D7379732D70726F636573736F722D706172656E742D636C6F73652D706F6C69637902,1,0x0A2433323034396236382D373837322D343039342D386536332D643064643539383936613833122A74656D706F72616C2D7379732D70726F636573736F722D706172656E742D636C6F73652D706F6C696379180220013A0C08E6D386C80610BCE2F6C502,'Proto3'),(1832919139,0x32049B68787240948E63D0DD59896A8374656D706F72616C2D7379732D686973746F72792D7363616E6E65722D7461736B71756575652D3001,1,0x0A2433323034396236382D373837322D343039342D386536332D643064643539383936613833122874656D706F72616C2D7379732D686973746F72792D7363616E6E65722D7461736B71756575652D30180120013A0C08E6D386C80610E1CAA9BE02,'Proto3'),(1887658741,0x32049B68787240948E63D0DD59896A832F5F7379732F74656D706F72616C2D7379732D686973746F72792D7363616E6E65722D7461736B71756575652D302F3102,1,0x0A2433323034396236382D373837322D343039342D386536332D64306464353938393661383312302F5F7379732F74656D706F72616C2D7379732D686973746F72792D7363616E6E65722D7461736B71756575652D302F31180220013A0C08E6D386C80610DAE4ABBE02,'Proto3'),(2063506710,0x32049B68787240948E63D0DD59896A8374656D706F72616C2D617263686976616C2D747101,1,0x0A2433323034396236382D373837322D343039342D386536332D643064643539383936613833121474656D706F72616C2D617263686976616C2D7471180120013A0C08E6D386C806108BC3C7BE02,'Proto3'),(2174630977,0x32049B68787240948E63D0DD59896A832F5F7379732F74656D706F72616C2D617263686976616C2D74712F3201,1,0x0A2433323034396236382D373837322D343039342D386536332D643064643539383936613833121C2F5F7379732F74656D706F72616C2D617263686976616C2D74712F32180120013A0C08E6D386C80610CCB1A7BE02,'Proto3'),(2358430835,0x32049B68787240948E63D0DD59896A832F5F7379732F74656D706F72616C2D617263686976616C2D74712F3202,1,0x0A2433323034396236382D373837322D343039342D386536332D643064643539383936613833121C2F5F7379732F74656D706F72616C2D617263686976616C2D74712F32180220013A0C08E6D386C80610B3ACE5BF02,'Proto3'),(2528910666,0x32049B68787240948E63D0DD59896A8374656D706F72616C2D7379732D70726F636573736F722D706172656E742D636C6F73652D706F6C69637901,1,0x0A2433323034396236382D373837322D343039342D386536332D643064643539383936613833122A74656D706F72616C2D7379732D70726F636573736F722D706172656E742D636C6F73652D706F6C696379180120013A0C08E6D386C80610A99885C002,'Proto3'),(2556998926,0x32049B68787240948E63D0DD59896A833632353835616230306666323A64643963303864662D646437312D346263332D393533302D64356234646133343237663501,1,0x0A2433323034396236382D373837322D343039342D386536332D64306464353938393661383312313632353835616230306666323A64643963303864662D646437312D346263332D393533302D64356234646133343237663518012002320C08E6F68BC806109CB3F0C0023A0C08E6D386C80610ACB6F0C002,'Proto3'),(2662461164,0x32049B68787240948E63D0DD59896A832F5F7379732F74656D706F72616C2D7379732D74712D7363616E6E65722D7461736B71756575652D302F3102,1,0x0A2433323034396236382D373837322D343039342D386536332D643064643539383936613833122B2F5F7379732F74656D706F72616C2D7379732D74712D7363616E6E65722D7461736B71756575652D302F31180220013A0C08E6D386C80610F2DBADBD02,'Proto3'),(2924243835,0x32049B68787240948E63D0DD59896A832F5F7379732F64656661756C742D776F726B65722D74712F3301,1,0x0A2433323034396236382D373837322D343039342D386536332D64306464353938393661383312192F5F7379732F64656661756C742D776F726B65722D74712F33180120013A0C08E8D386C80610AEA2C89502,'Proto3'),(3028865860,0x5227B6F2B00A4D0A9FFC503C1FB5583674656D706F72616C2D7379732D7065722D6E732D747102,1,0x0A2435323237623666322D623030612D346430612D396666632D353033633166623535383336121674656D706F72616C2D7379732D7065722D6E732D7471180220013A0C08F0D386C80610B9FECABC01,'Proto3'),(3095716534,0x32049B68787240948E63D0DD59896A8374656D706F72616C2D7379732D626174636865722D7461736B717565756502,1,0x0A2433323034396236382D373837322D343039342D386536332D643064643539383936613833121E74656D706F72616C2D7379732D626174636865722D7461736B7175657565180220013A0C08E6D386C8061082848FC502,'Proto3'),(3274747632,0x5227B6F2B00A4D0A9FFC503C1FB5583674656D706F72616C2D7379732D7065722D6E732D747101,1,0x0A2435323237623666322D623030612D346430612D396666632D353033633166623535383336121674656D706F72616C2D7379732D7065722D6E732D7471180120013A0C08F0D386C80610C1D6B4BC01,'Proto3'),(3275697851,0x32049B68787240948E63D0DD59896A832F5F7379732F74656D706F72616C2D7379732D686973746F72792D7363616E6E65722D7461736B71756575652D302F3201,1,0x0A2433323034396236382D373837322D343039342D386536332D64306464353938393661383312302F5F7379732F74656D706F72616C2D7379732D686973746F72792D7363616E6E65722D7461736B71756575652D302F32180120013A0C08E6D386C80610D1F4C3BD02,'Proto3'),(3282390894,0x32049B68787240948E63D0DD59896A833632353835616230306666323A63333534323063392D636331392D346333622D393062312D61363963656464373863313401,1,0x0A2433323034396236382D373837322D343039342D386536332D64306464353938393661383312313632353835616230306666323A63333534323063392D636331392D346333622D393062312D61363963656464373863313418012002320C08E6F68BC80610E09C95BE023A0C08E6D386C80610A99E95BE02,'Proto3'),(3343083358,0x32049B68787240948E63D0DD59896A8374656D706F72616C2D7379732D7065722D6E732D747102,1,0x0A2433323034396236382D373837322D343039342D386536332D643064643539383936613833121674656D706F72616C2D7379732D7065722D6E732D7471180220013A0C08E6D386C80610A0FEA7C502,'Proto3'),(3415992559,0x32049B68787240948E63D0DD59896A833632353835616230306666323A32623137353461382D333034352D343532342D616662362D30613735613763383837326601,1,0x0A2433323034396236382D373837322D343039342D386536332D64306464353938393661383312313632353835616230306666323A32623137353461382D333034352D343532342D616662362D30613735613763383837326618012002320C08E6F68BC8061087AE8BC5023A0C08E6D386C80610BDB08BC502,'Proto3'),(3436616320,0x32049B68787240948E63D0DD59896A832F5F7379732F74656D706F72616C2D7379732D686973746F72792D7363616E6E65722D7461736B71756575652D302F3202,1,0x0A2433323034396236382D373837322D343039342D386536332D64306464353938393661383312302F5F7379732F74656D706F72616C2D7379732D686973746F72792D7363616E6E65722D7461736B71756575652D302F32180220013A0C08E6D386C806108BA9ADBD02,'Proto3'),(3469555445,0x32049B68787240948E63D0DD59896A8374656D706F72616C2D7379732D626174636865722D7461736B717565756501,1,0x0A2433323034396236382D373837322D343039342D386536332D643064643539383936613833121E74656D706F72616C2D7379732D626174636865722D7461736B7175657565180120013A0C08E6D386C80610F1C4FDC202,'Proto3'),(3617866575,0x32049B68787240948E63D0DD59896A832F5F7379732F74656D706F72616C2D7379732D70726F636573736F722D706172656E742D636C6F73652D706F6C6963792F3201,1,0x0A2433323034396236382D373837322D343039342D386536332D64306464353938393661383312322F5F7379732F74656D706F72616C2D7379732D70726F636573736F722D706172656E742D636C6F73652D706F6C6963792F32180120013A0C08E6D386C80610EF8AFDC002,'Proto3'),(3681167674,0x32049B68787240948E63D0DD59896A832F5F7379732F74656D706F72616C2D7379732D74712D7363616E6E65722D7461736B71756575652D302F3202,1,0x0A2433323034396236382D373837322D343039342D386536332D643064643539383936613833122B2F5F7379732F74656D706F72616C2D7379732D74712D7363616E6E65722D7461736B71756575652D302F32180220013A0C08E6D386C806109EBBE6BB02,'Proto3'),(3734757610,0x32049B68787240948E63D0DD59896A8374656D706F72616C2D7379732D7065722D6E732D747101,1,0x0A2433323034396236382D373837322D343039342D386536332D643064643539383936613833121674656D706F72616C2D7379732D7065722D6E732D7471180120013A0C08E6D386C80610D0FB8BC502,'Proto3'),(3771426703,0x32049B68787240948E63D0DD59896A832F5F7379732F74656D706F72616C2D7379732D686973746F72792D7363616E6E65722D7461736B71756575652D302F3301,1,0x0A2433323034396236382D373837322D343039342D386536332D64306464353938393661383312302F5F7379732F74656D706F72616C2D7379732D686973746F72792D7363616E6E65722D7461736B71756575652D302F33180120013A0C08E6D386C80610A4E0C7BE02,'Proto3'),(3791498648,0x5227B6F2B00A4D0A9FFC503C1FB558363632353835616230306666323A62646533643266662D363034372D346462342D383535372D36313565396339356634326101,1,0x0A2435323237623666322D623030612D346430612D396666632D35303363316662353538333612313632353835616230306666323A62646533643266662D363034372D346462342D383535372D36313565396339356634326118012002320C08F0F68BC80610E8A8A8BC013A0C08F0D386C80610B0AAA8BC01,'Proto3'),(3810647023,0x32049B68787240948E63D0DD59896A8364656661756C742D776F726B65722D747101,1,0x0A2433323034396236382D373837322D343039342D386536332D643064643539383936613833121164656661756C742D776F726B65722D7471180120013A0C08E6D386C8061096868DC502,'Proto3'),(4075587537,0x32049B68787240948E63D0DD59896A832F5F7379732F74656D706F72616C2D7379732D70726F636573736F722D706172656E742D636C6F73652D706F6C6963792F3301,1,0x0A2433323034396236382D373837322D343039342D386536332D64306464353938393661383312322F5F7379732F74656D706F72616C2D7379732D70726F636573736F722D706172656E742D636C6F73652D706F6C6963792F33180120013A0C08E6D386C80610ED8DE6C002,'Proto3'),(4095103286,0x32049B68787240948E63D0DD59896A832F5F7379732F74656D706F72616C2D7379732D70726F636573736F722D706172656E742D636C6F73652D706F6C6963792F3102,1,0x0A2433323034396236382D373837322D343039342D386536332D64306464353938393661383312322F5F7379732F74656D706F72616C2D7379732D70726F636573736F722D706172656E742D636C6F73652D706F6C6963792F31180220013A0C08E6D386C80610DDAEC8C002,'Proto3'),(4130865127,0x32049B68787240948E63D0DD59896A832F5F7379732F74656D706F72616C2D7379732D74712D7363616E6E65722D7461736B71756575652D302F3201,1,0x0A2433323034396236382D373837322D343039342D386536332D643064643539383936613833122B2F5F7379732F74656D706F72616C2D7379732D74712D7363616E6E65722D7461736B71756575652D302F32180120013A0C08E6D386C80610D7A494BE02,'Proto3'),(4214421317,0x32049B68787240948E63D0DD59896A8374656D706F72616C2D7379732D74712D7363616E6E65722D7461736B71756575652D3001,1,0x0A2433323034396236382D373837322D343039342D386536332D643064643539383936613833122374656D706F72616C2D7379732D74712D7363616E6E65722D7461736B71756575652D30180120013A0C08E6D386C80610F6A0B2BC02,'Proto3'),(4281416734,0x32049B68787240948E63D0DD59896A8374656D706F72616C2D7379732D686973746F72792D7363616E6E65722D7461736B71756575652D3002,1,0x0A2433323034396236382D373837322D343039342D386536332D643064643539383936613833122874656D706F72616C2D7379732D686973746F72792D7363616E6E65722D7461736B71756575652D30180220013A0C08E6D386C80610AEA39FBE02,'Proto3');
/*!40000 ALTER TABLE `task_queues` ENABLE KEYS */;
UNLOCK TABLES;

--
-- Table structure for table `tasks`
--

/*!40101 SET @saved_cs_client     = @@character_set_client */;
/*!50503 SET character_set_client = utf8mb4 */;
CREATE TABLE `tasks` (
  `range_hash` int unsigned NOT NULL,
  `task_queue_id` varbinary(272) NOT NULL,
  `task_id` bigint NOT NULL,
  `data` mediumblob,
  `data_encoding` varchar(16) NOT NULL,
  PRIMARY KEY (`range_hash`,`task_queue_id`,`task_id`)
) ENGINE=InnoDB DEFAULT CHARSET=utf8mb3;
/*!40101 SET character_set_client = @saved_cs_client */;

--
-- Dumping data for table `tasks`
--

LOCK TABLES `tasks` WRITE;
/*!40000 ALTER TABLE `tasks` DISABLE KEYS */;
/*!40000 ALTER TABLE `tasks` ENABLE KEYS */;
UNLOCK TABLES;

--
-- Table structure for table `timer_info_maps`
--

/*!40101 SET @saved_cs_client     = @@character_set_client */;
/*!50503 SET character_set_client = utf8mb4 */;
CREATE TABLE `timer_info_maps` (
  `shard_id` int NOT NULL,
  `namespace_id` binary(16) NOT NULL,
  `workflow_id` varchar(255) NOT NULL,
  `run_id` binary(16) NOT NULL,
  `timer_id` varchar(255) NOT NULL,
  `data` mediumblob,
  `data_encoding` varchar(16) DEFAULT NULL,
  PRIMARY KEY (`shard_id`,`namespace_id`,`workflow_id`,`run_id`,`timer_id`)
) ENGINE=InnoDB DEFAULT CHARSET=utf8mb3;
/*!40101 SET character_set_client = @saved_cs_client */;

--
-- Dumping data for table `timer_info_maps`
--

LOCK TABLES `timer_info_maps` WRITE;
/*!40000 ALTER TABLE `timer_info_maps` DISABLE KEYS */;
/*!40000 ALTER TABLE `timer_info_maps` ENABLE KEYS */;
UNLOCK TABLES;

--
-- Table structure for table `timer_tasks`
--

/*!40101 SET @saved_cs_client     = @@character_set_client */;
/*!50503 SET character_set_client = utf8mb4 */;
CREATE TABLE `timer_tasks` (
  `shard_id` int NOT NULL,
  `visibility_timestamp` datetime(6) NOT NULL,
  `task_id` bigint NOT NULL,
  `data` mediumblob,
  `data_encoding` varchar(16) NOT NULL,
  PRIMARY KEY (`shard_id`,`visibility_timestamp`,`task_id`)
) ENGINE=InnoDB DEFAULT CHARSET=utf8mb3;
/*!40101 SET character_set_client = @saved_cs_client */;

--
-- Dumping data for table `timer_tasks`
--

LOCK TABLES `timer_tasks` WRITE;
/*!40000 ALTER TABLE `timer_tasks` DISABLE KEYS */;
INSERT INTO `timer_tasks` VALUES (3,'2025-10-29 05:45:14.734587',1048626,0x0A2433323034396236382D373837322D343039342D386536332D643064643539383936613833122B74656D706F72616C2D7379732D6164642D7365617263682D617474726962757465732D776F726B666C6F771A2464343230633564302D633364302D343065622D386639642D656463636136303165656633200D28014001481150B280405A0C08EAD386C80610CCD8A3DE02,'Proto3'),(3,'2025-10-29 05:45:17.636985',1048598,0x0A2433323034396236382D373837322D343039342D386536332D643064643539383936613833122B74656D706F72616C2D7379732D6164642D7365617263682D617474726962757465732D776F726B666C6F771A2464343230633564302D633364302D343065622D386639642D656463636136303165656633200C280240014808509680405A0C08EDD386C80610BFC3DEAF02,'Proto3'),(3,'2025-10-29 05:45:17.683434',1048615,0x0A2433323034396236382D373837322D343039342D386536332D643064643539383936613833122B74656D706F72616C2D7379732D6164642D7365617263682D617474726962757465732D776F726B666C6F771A2464343230633564302D633364302D343065622D386639642D656463636136303165656633200C28024001480E50A780405A0C08EDD386C80610E3C6F1C502,'Proto3'),(3,'2025-10-29 05:45:17.747435',1048632,0x0A2433323034396236382D373837322D343039342D386536332D643064643539383936613833122B74656D706F72616C2D7379732D6164642D7365617263682D617474726962757465732D776F726B666C6F771A2464343230633564302D633364302D343065622D386639642D656463636136303165656633200C28024001481450B880405A0C08EDD386C80610B9EAB3E402,'Proto3'),(3,'2025-10-29 05:45:22.589445',1048584,0x0A2433323034396236382D373837322D343039342D386536332D643064643539383936613833122B74656D706F72616C2D7379732D6164642D7365617263682D617474726962757465732D776F726B666C6F771A2464343230633564302D633364302D343065622D386639642D656463636136303165656633200C280140014802508880405A0C08F2D386C80610F3F1889902,'Proto3'),(3,'2025-10-29 05:45:22.624798',1048592,0x0A2433323034396236382D373837322D343039342D386536332D643064643539383936613833122B74656D706F72616C2D7379732D6164642D7365617263682D617474726962757465732D776F726B666C6F771A2464343230633564302D633364302D343065622D386639642D656463636136303165656633200D280140014805509080405A0C08F2D386C80610E8D8F6A902,'Proto3'),(3,'2025-10-29 05:45:22.651122',1048602,0x0A2433323034396236382D373837322D343039342D386536332D643064643539383936613833122B74656D706F72616C2D7379732D6164642D7365617263682D617474726962757465732D776F726B666C6F771A2464343230633564302D633364302D343065622D386639642D656463636136303165656633200C280140014808509A80405A0C08F2D386C80610C9B1BDB602,'Proto3'),(3,'2025-10-29 05:45:22.696469',1048619,0x0A2433323034396236382D373837322D343039342D386536332D643064643539383936613833122B74656D706F72616C2D7379732D6164642D7365617263682D617474726962757465732D776F726B666C6F771A2464343230633564302D633364302D343065622D386639642D656463636136303165656633200C28014001480E50AB80405A0C08F2D386C80610A3908DCC02,'Proto3'),(3,'2025-10-29 05:45:22.713552',1048625,0x0A2433323034396236382D373837322D343039342D386536332D643064643539383936613833122B74656D706F72616C2D7379732D6164642D7365617263682D617474726962757465732D776F726B666C6F771A2464343230633564302D633364302D343065622D386639642D656463636136303165656633200D28024001481150B180405A0C08F2D386C8061096E59FD402,'Proto3'),(3,'2025-10-29 05:45:22.759183',1048636,0x0A2433323034396236382D373837322D343039342D386536332D643064643539383936613833122B74656D706F72616C2D7379732D6164642D7365617263682D617474726962757465732D776F726B666C6F771A2464343230633564302D633364302D343065622D386639642D656463636136303165656633200C28014001481450BC80405A0C08F2D386C80610E8EE80EA02,'Proto3'),(3,'2025-10-29 05:45:32.675140',1048609,0x0A2433323034396236382D373837322D343039342D386536332D643064643539383936613833122B74656D706F72616C2D7379732D6164642D7365617263682D617474726962757465732D776F726B666C6F771A2464343230633564302D633364302D343065622D386639642D656463636136303165656633200D28014001480B50A180405A0C08FCD386C80610F6AAF7C102,'Proto3'),(3,'2025-10-29 05:45:42.602653',1048591,0x0A2433323034396236382D373837322D343039342D386536332D643064643539383936613833122B74656D706F72616C2D7379732D6164642D7365617263682D617474726962757465732D776F726B666C6F771A2464343230633564302D633364302D343065622D386639642D656463636136303165656633200D280240014805508F80405A0C0886D486C80610EF89AF9F02,'Proto3'),(3,'2025-10-29 05:46:12.663443',1048608,0x0A2433323034396236382D373837322D343039342D386536332D643064643539383936613833122B74656D706F72616C2D7379732D6164642D7365617263682D617474726962757465732D776F726B666C6F771A2464343230633564302D633364302D343065622D386639642D656463636136303165656633200D28024001480B50A080405A0C08A4D486C80610EDADADBC02,'Proto3'),(3,'2025-11-05 05:53:06.956644',1048641,0x0A2433323034396236382D373837322D343039342D386536332D643064643539383936613833122B74656D706F72616C2D7379732D6164642D7365617263682D617474726962757465732D776F726B666C6F771A2464343230633564302D633364302D343065622D386639642D656463636136303165656633201050C180405A0C08C2CCABC806109EFA94C803624C0A2464343230633564302D633364302D343065622D386639642D656463636136303165656633122465613331303435352D333530342D346631392D396534302D376434303062323361616563,'Proto3'),(4,'2025-10-29 12:00:00.526880',1048581,0x0A2433323034396236382D373837322D343039342D386536332D643064643539383936613833121C74656D706F72616C2D7379732D686973746F72792D7363616E6E65721A2432663935393031352D313061382D346138332D623237392D33333335333734313163336120123002508580405A0C08C08388C8061086A09EFB01,'Proto3'),(4,'2025-10-29 12:00:00.526880',1048584,0x0A2433323034396236382D373837322D343039342D386536332D643064643539383936613833121774656D706F72616C2D7379732D74712D7363616E6E65721A2439323630656431382D653763382D346536302D393665662D38373330656639653536343320123002508880405A0C08C08388C8061086A09EFB01,'Proto3'),(4,'2025-11-03 12:00:00.526880',1048583,0x0A2433323034396236382D373837322D343039342D386536332D643064643539383936613833121774656D706F72616C2D7379732D74712D7363616E6E65721A2439323630656431382D653763382D346536302D393665662D383733306566396535363433200F508780405A0C08C0B2A2C8061086A09EFB01,'Proto3');
/*!40000 ALTER TABLE `timer_tasks` ENABLE KEYS */;
UNLOCK TABLES;

--
-- Table structure for table `transfer_tasks`
--

/*!40101 SET @saved_cs_client     = @@character_set_client */;
/*!50503 SET character_set_client = utf8mb4 */;
CREATE TABLE `transfer_tasks` (
  `shard_id` int NOT NULL,
  `task_id` bigint NOT NULL,
  `data` mediumblob,
  `data_encoding` varchar(16) NOT NULL,
  PRIMARY KEY (`shard_id`,`task_id`)
) ENGINE=InnoDB DEFAULT CHARSET=utf8mb3;
/*!40101 SET character_set_client = @saved_cs_client */;

--
-- Dumping data for table `transfer_tasks`
--

LOCK TABLES `transfer_tasks` WRITE;
/*!40000 ALTER TABLE `transfer_tasks` DISABLE KEYS */;
INSERT INTO `transfer_tasks` VALUES (3,1048580,0x0A2433323034396236382D373837322D343039342D386536332D643064643539383936613833122B74656D706F72616C2D7379732D6164642D7365617263682D617474726962757465732D776F726B666C6F771A2464343230633564302D633364302D343065622D386639642D65646363613630316565663320032A2433323034396236382D373837322D343039342D386536332D643064643539383936613833421164656661756C742D776F726B65722D74715002608480406A0C08E8D386C80610F98FE28C02,'Proto3'),(3,1048590,0x0A2433323034396236382D373837322D343039342D386536332D643064643539383936613833122B74656D706F72616C2D7379732D6164642D7365617263682D617474726962757465732D776F726B666C6F771A2464343230633564302D633364302D343065622D386639642D65646363613630316565663320042A2433323034396236382D373837322D343039342D386536332D643064643539383936613833421164656661756C742D776F726B65722D74715005608E80406A0C08E8D386C80610AEF3B09F02,'Proto3'),(3,1048599,0x0A2433323034396236382D373837322D343039342D386536332D643064643539383936613833122B74656D706F72616C2D7379732D6164642D7365617263682D617474726962757465732D776F726B666C6F771A2464343230633564302D633364302D343065622D386639642D65646363613630316565663320032A2433323034396236382D373837322D343039342D386536332D64306464353938393661383342313632353835616230306666323A32623137353461382D333034352D343532342D616662362D3061373561376338383732665008609780406A0C08E8D386C8061085B0E0AF02,'Proto3'),(3,1048607,0x0A2433323034396236382D373837322D343039342D386536332D643064643539383936613833122B74656D706F72616C2D7379732D6164642D7365617263682D617474726962757465732D776F726B666C6F771A2464343230633564302D633364302D343065622D386639642D65646363613630316565663320042A2433323034396236382D373837322D343039342D386536332D643064643539383936613833421164656661756C742D776F726B65722D7471500B609F80406A0C08E8D386C80610E0AEAFBC02,'Proto3'),(3,1048616,0x0A2433323034396236382D373837322D343039342D386536332D643064643539383936613833122B74656D706F72616C2D7379732D6164642D7365617263682D617474726962757465732D776F726B666C6F771A2464343230633564302D633364302D343065622D386639642D65646363613630316565663320032A2433323034396236382D373837322D343039342D386536332D64306464353938393661383342313632353835616230306666323A32623137353461382D333034352D343532342D616662362D306137356137633838373266500E60A880406A0C08E8D386C80610CB8DF3C502,'Proto3'),(3,1048624,0x0A2433323034396236382D373837322D343039342D386536332D643064643539383936613833122B74656D706F72616C2D7379732D6164642D7365617263682D617474726962757465732D776F726B666C6F771A2464343230633564302D633364302D343065622D386639642D65646363613630316565663320042A2433323034396236382D373837322D343039342D386536332D643064643539383936613833421164656661756C742D776F726B65722D7471501160B080406A0C08E8D386C80610C2ACA2D402,'Proto3'),(3,1048633,0x0A2433323034396236382D373837322D343039342D386536332D643064643539383936613833122B74656D706F72616C2D7379732D6164642D7365617263682D617474726962757465732D776F726B666C6F771A2464343230633564302D633364302D343065622D386639642D65646363613630316565663320032A2433323034396236382D373837322D343039342D386536332D64306464353938393661383342313632353835616230306666323A32623137353461382D333034352D343532342D616662362D306137356137633838373266501460B980406A0C08E8D386C8061097A0B6E402,'Proto3'),(3,1048642,0x0A2433323034396236382D373837322D343039342D386536332D643064643539383936613833122B74656D706F72616C2D7379732D6164642D7365617263682D617474726962757465732D776F726B666C6F771A2464343230633564302D633364302D343065622D386639642D656463636136303165656633200560C280406A0C08E8D386C80610C3ABA9F002820100,'Proto3');
/*!40000 ALTER TABLE `transfer_tasks` ENABLE KEYS */;
UNLOCK TABLES;

--
-- Table structure for table `visibility_tasks`
--

/*!40101 SET @saved_cs_client     = @@character_set_client */;
/*!50503 SET character_set_client = utf8mb4 */;
CREATE TABLE `visibility_tasks` (
  `shard_id` int NOT NULL,
  `task_id` bigint NOT NULL,
  `data` mediumblob NOT NULL,
  `data_encoding` varchar(16) NOT NULL,
  PRIMARY KEY (`shard_id`,`task_id`)
) ENGINE=InnoDB DEFAULT CHARSET=utf8mb3;
/*!40101 SET character_set_client = @saved_cs_client */;

--
-- Dumping data for table `visibility_tasks`
--

LOCK TABLES `visibility_tasks` WRITE;
/*!40000 ALTER TABLE `visibility_tasks` DISABLE KEYS */;
INSERT INTO `visibility_tasks` VALUES (3,1048579,0x0A2433323034396236382D373837322D343039342D386536332D643064643539383936613833122B74656D706F72616C2D7379732D6164642D7365617263682D617474726962757465732D776F726B666C6F771A2464343230633564302D633364302D343065622D386639642D6564636361363031656566332013308380403A0C08E8D386C80610F98FE28C02,'Proto3'),(3,1048589,0x0A2433323034396236382D373837322D343039342D386536332D643064643539383936613833122B74656D706F72616C2D7379732D6164642D7365617263682D617474726962757465732D776F726B666C6F771A2464343230633564302D633364302D343065622D386639642D6564636361363031656566332014308D80403A0C08E8D386C80610AEF3B09F02,'Proto3'),(3,1048643,0x0A2433323034396236382D373837322D343039342D386536332D643064643539383936613833122B74656D706F72616C2D7379732D6164642D7365617263682D617474726962757465732D776F726B666C6F771A2464343230633564302D633364302D343065622D386639642D656463636136303165656633201530C380403A0C08E8D386C80610C3ABA9F002,'Proto3'),(4,1048580,0x0A2433323034396236382D373837322D343039342D386536332D643064643539383936613833121C74656D706F72616C2D7379732D686973746F72792D7363616E6E65721A2432663935393031352D313061382D346138332D623237392D3333333533373431316333612013308480403A0C08E6D386C80610D8AAA6FB01,'Proto3'),(4,1048585,0x0A2433323034396236382D373837322D343039342D386536332D643064643539383936613833121774656D706F72616C2D7379732D74712D7363616E6E65721A2439323630656431382D653763382D346536302D393665662D3837333065663965353634332013308980403A0C08E6D386C80610C3DFF68002,'Proto3');
/*!40000 ALTER TABLE `visibility_tasks` ENABLE KEYS */;
UNLOCK TABLES;
/*!40103 SET TIME_ZONE=@OLD_TIME_ZONE */;

/*!40101 SET SQL_MODE=@OLD_SQL_MODE */;
/*!40014 SET FOREIGN_KEY_CHECKS=@OLD_FOREIGN_KEY_CHECKS */;
/*!40014 SET UNIQUE_CHECKS=@OLD_UNIQUE_CHECKS */;
/*!40101 SET CHARACTER_SET_CLIENT=@OLD_CHARACTER_SET_CLIENT */;
/*!40101 SET CHARACTER_SET_RESULTS=@OLD_CHARACTER_SET_RESULTS */;
/*!40101 SET COLLATION_CONNECTION=@OLD_COLLATION_CONNECTION */;
/*!40111 SET SQL_NOTES=@OLD_SQL_NOTES */;

-- Dump completed on 2025-10-29  5:45:28
